sample_id,gene_name,mhc_class,best_allele,read_support,mean_alignment_score,percent_identity
MOT36320,HLA-A,Class I,HLA-A*03:01:01:,1.0,410.99960189738357,92.53960325983928
MOT36320,HLA-C,Class I,HLA-C*07:02:01:,1.0,382.9999771680907,99.99983822863864
MOT36320,HLA-B,Class I,HLA-B*15:01:01:,1.0,304.00032572842554,97.65050511339692
MOT36320,MICA,Class III,,0.0,0.0009112465140939398,0.00019208510646874575
MOT36320,MICB,Class III,,0.0,0.0,0.0008660464432004224
MOT36320,HLA-DRB1,Class II,HLA-DRB1*15:01:01:18,1.0,285.0008496168586,100.00060872183123
MOT36320,HLA-DQA1,Class II,HLA-DQA1*01:01:02:03,1.0,282.99904971898275,99.99993476320311
MOT36320,HLA-DQB1,Class II,HLA-DQB1*06:02:01:,1.0,285.00011039608466,100.0005695268985
MOT36320,HLA-DPA1,Class II,HLA-DPA1*01:03:01:,1.0,283.00026795022336,99.99903567356796
MOT36320,HLA-DPB1,Class II,HLA-DPB1*02:01:46,1.0,283.9992117948075,99.99921828799353
