sample_id,gene_name,mhc_class,best_allele,read_support,mean_alignment_score,percent_identity
MOT36308,HLA-A,Class I,HLA-A*03:01:01:,1.0,411.0005479120971,92.54006417669362
MOT36308,HLA-C,Class I,HLA-C*07:02:01:,1.0,382.9998777568795,100.0008535299777
MOT36308,HLA-B,Class I,HLA-B*15:01:01:,1.0,304.0007171958398,97.6498603798128
MOT36308,MICA,Class III,,0.0,0.00039473605811872784,0.0006455232265416601
MOT36308,MICB,Class III,,0.0,0.0,0.0
MOT36308,HLA-DRB1,Class II,HLA-DRB1*15:01:01:18,1.0,285.0009512447033,99.99945447744356
MOT36308,HLA-DQA1,Class II,HLA-DQA1*01:01:02:03,1.0,283.000522279404,100.00010916957403
MOT36308,HLA-DQB1,Class II,HLA-DQB1*06:02:01:,1.0,285.00057212861054,99.9991276345122
MOT36308,HLA-DPA1,Class II,HLA-DPA1*01:03:01:,1.0,282.99925622726533,100.00065526234398
MOT36308,HLA-DPB1,Class II,HLA-DPB1*02:01:46,1.0,283.9999007718758,100.00026332879824
