sample_id,gene_name,mhc_class,best_allele,read_support,mean_alignment_score,percent_identity
MOT36314,HLA-A,Class I,HLA-A*03:01:01:,1.0,411.0008171613814,92.54023413322481
MOT36314,HLA-C,Class I,HLA-C*07:02:01:,1.0,383.00039941426763,99.9994047267296
MOT36314,HLA-B,Class I,HLA-B*15:01:01:,1.0,303.99953173992293,97.64918456282093
MOT36314,MICA,Class III,,0.0,0.0009383527546954478,0.00015843913788379186
MOT36314,MICB,Class III,,0.0,0.0005575018079315892,0.0
MOT36314,HLA-DRB1,Class II,HLA-DRB1*15:01:01:18,1.0,285.00043378037833,100.00071322856819
MOT36314,HLA-DQA1,Class II,HLA-DQA1*01:01:02:03,1.0,282.99989872300426,100.00051703905967
MOT36314,HLA-DQB1,Class II,HLA-DQB1*06:02:01:,1.0,284.9995444831237,100.00043892591191
MOT36314,HLA-DPA1,Class II,HLA-DPA1*01:03:01:,1.0,282.9991927819243,99.99986418607955
MOT36314,HLA-DPB1,Class II,HLA-DPB1*02:01:46,1.0,284.0008052047931,100.0002546176814
