sample_id,gene_name,mhc_class,best_allele,read_support,mean_alignment_score,percent_identity
MOT36323,HLA-A,Class I,HLA-A*03:01:01:,1.0,410.999086950124,92.54098949775273
MOT36323,HLA-C,Class I,HLA-C*07:02:01:,1.0,382.9993629968192,99.99910392373293
MOT36323,HLA-B,Class I,HLA-B*15:01:01:,1.0,303.99947348974223,97.65042233331067
MOT36323,MICA,Class III,,0.0,0.0,0.0
MOT36323,MICB,Class III,,0.0,0.00014246530348554533,0.0006871499031955055
MOT36323,HLA-DRB1,Class II,HLA-DRB1*15:01:01:18,1.0,284.9998325248514,100.00080530628786
MOT36323,HLA-DQA1,Class II,HLA-DQA1*01:01:02:03,1.0,282.99909850823985,100.00095914136118
MOT36323,HLA-DQB1,Class II,HLA-DQB1*06:02:01:,1.0,284.99974722827693,100.00060405176055
MOT36323,HLA-DPA1,Class II,HLA-DPA1*01:03:01:,1.0,283.00004750589744,100.00055895508154
MOT36323,HLA-DPB1,Class II,HLA-DPB1*02:01:46,1.0,283.9992033438058,100.00028496655199
