sample_id,gene_name,mhc_class,best_allele,read_support,mean_alignment_score,percent_identity
MOT36315,HLA-A,Class I,HLA-A*03:01:01:,1.0,411.0001681959378,92.53966376658222
MOT36315,HLA-C,Class I,HLA-C*07:02:01:,1.0,383.0002996932031,100.00085024023676
MOT36315,HLA-B,Class I,HLA-B*15:01:01:,1.0,303.99916888864226,97.64973477185204
MOT36315,MICA,Class III,,0.0,0.0,0.0
MOT36315,MICB,Class III,,0.0,0.0,0.00018183098296283354
MOT36315,HLA-DRB1,Class II,HLA-DRB1*15:01:01:18,1.0,284.99998798163847,99.99904560774206
MOT36315,HLA-DQA1,Class II,HLA-DQA1*01:01:02:03,1.0,282.99965972242467,100.00091711842649
MOT36315,HLA-DQB1,Class II,HLA-DQB1*06:02:01:,1.0,284.9992890483777,99.99996460687389
MOT36315,HLA-DPA1,Class II,HLA-DPA1*01:03:01:,1.0,282.99920680593544,100.0005654704545
MOT36315,HLA-DPB1,Class II,HLA-DPB1*02:01:46,1.0,284.00017528914435,99.99916545999984
