sample_id,gene_name,mhc_class,best_allele,read_support,mean_alignment_score,percent_identity
MOT36322,HLA-A,Class I,HLA-A*03:01:01:,1.0,410.9992923464884,92.53943337146349
MOT36322,HLA-C,Class I,HLA-C*07:02:01:,1.0,383.0006493283809,99.99934928294188
MOT36322,HLA-B,Class I,HLA-B*15:01:01:,1.0,303.99962066934785,97.64867941343789
MOT36322,MICA,Class III,,0.0,0.0,0.0001822876322219425
MOT36322,MICB,Class III,,0.0,0.0008419409449749004,0.00036142905359901273
MOT36322,HLA-DRB1,Class II,HLA-DRB1*15:01:01:18,1.0,284.9993310634455,99.99978726091366
MOT36322,HLA-DQA1,Class II,HLA-DQA1*01:01:02:03,1.0,282.9995694401647,99.99963598219391
MOT36322,HLA-DQB1,Class II,HLA-DQB1*06:02:01:,1.0,284.9993072267904,100.00000905247404
MOT36322,HLA-DPA1,Class II,HLA-DPA1*01:03:01:,1.0,282.9992309801273,100.00075000988447
MOT36322,HLA-DPB1,Class II,HLA-DPB1*02:01:46,1.0,283.99904229603266,100.00070226325364
