sample_id,gene_name,mhc_class,best_allele,read_support,mean_alignment_score,percent_identity
MOT36317,HLA-A,Class I,HLA-A*03:01:01:,1.0,410.9992154818919,92.53990441632143
MOT36317,HLA-C,Class I,HLA-C*07:02:01:,1.0,383.0008320236903,100.00003011425846
MOT36317,HLA-B,Class I,HLA-B*15:01:01:,1.0,303.9994604279818,97.64908457975376
MOT36317,MICA,Class III,,0.0,0.0,0.0008720871400979267
MOT36317,MICB,Class III,,0.0,0.0001097049387829667,0.0
MOT36317,HLA-DRB1,Class II,HLA-DRB1*15:01:01:18,1.0,284.9997418445677,99.99908982123878
MOT36317,HLA-DQA1,Class II,HLA-DQA1*01:01:02:03,1.0,283.00065957948624,99.99987019412
MOT36317,HLA-DQB1,Class II,HLA-DQB1*06:02:01:,1.0,285.0006165029441,100.00098475112812
MOT36317,HLA-DPA1,Class II,HLA-DPA1*01:03:01:,1.0,282.9996342777856,100.00078335453252
MOT36317,HLA-DPB1,Class II,HLA-DPB1*02:01:46,1.0,284.00090579879014,100.00049721603891
