sample_id,gene_name,mhc_class,best_allele,read_support,mean_alignment_score,percent_identity
MOT36311,HLA-A,Class I,HLA-A*03:01:01:,1.0,410.99987430383777,92.5397223970501
MOT36311,HLA-C,Class I,HLA-C*07:02:01:,1.0,383.0006653563921,99.9990147245395
MOT36311,HLA-B,Class I,HLA-B*15:01:01:,1.0,304.000400530204,97.65014649832764
MOT36311,MICA,Class III,,0.0,0.0,0.0003297017131840643
MOT36311,MICB,Class III,,0.0,0.0006645196027904021,0.0004103307572526703
MOT36311,HLA-DRB1,Class II,HLA-DRB1*15:01:01:18,1.0,285.000609528715,100.00056145806204
MOT36311,HLA-DQA1,Class II,HLA-DQA1*01:01:02:03,1.0,282.9997749567581,99.99991783155107
MOT36311,HLA-DQB1,Class II,HLA-DQB1*06:02:01:,1.0,284.99957665620786,100.0001374823919
MOT36311,HLA-DPA1,Class II,HLA-DPA1*01:03:01:,1.0,283.0003649910079,99.99927959399625
MOT36311,HLA-DPB1,Class II,HLA-DPB1*02:01:46,1.0,283.9992795049672,99.99922906014707
