sample_id,gene_name,mhc_class,best_allele,read_support,mean_alignment_score,percent_identity
MOT36324,HLA-A,Class I,HLA-A*03:01:01:,1.0,411.00055799270916,92.54027833519321
MOT36324,HLA-C,Class I,HLA-C*07:02:01:,1.0,382.99926910441684,99.99983377873718
MOT36324,HLA-B,Class I,HLA-B*15:01:01:,1.0,304.0000721360719,97.64903778945369
MOT36324,MICA,Class III,,0.0,2.84457403808289e-05,0.0
MOT36324,MICB,Class III,,0.0,0.0007151442882451151,0.0
MOT36324,HLA-DRB1,Class II,HLA-DRB1*15:01:01:18,1.0,284.9999255987312,99.99965499112882
MOT36324,HLA-DQA1,Class II,HLA-DQA1*01:01:02:03,1.0,282.9997701789922,99.99975892815945
MOT36324,HLA-DQB1,Class II,HLA-DQB1*06:02:01:,1.0,285.00027912654247,100.00037148669091
MOT36324,HLA-DPA1,Class II,HLA-DPA1*01:03:01:,1.0,282.999532926635,99.99959375294914
MOT36324,HLA-DPB1,Class II,HLA-DPB1*02:01:46,1.0,283.9992795368219,100.00089771585343
