sample_id,gene_name,mhc_class,best_allele,read_support,mean_alignment_score,percent_identity
MOT36319,HLA-A,Class I,HLA-A*03:01:01:,1.0,411.0005548096765,92.54071110551644
MOT36319,HLA-C,Class I,HLA-C*07:02:01:,1.0,383.00094365285213,100.00016223321845
MOT36319,HLA-B,Class I,HLA-B*15:01:01:,1.0,304.0000014823724,97.64897220087596
MOT36319,MICA,Class III,,0.0,0.0,0.0006082490523645254
MOT36319,MICB,Class III,,0.0,0.0,0.00043081425923160326
MOT36319,HLA-DRB1,Class II,HLA-DRB1*15:01:01:18,1.0,284.99945931206,100.00047796800783
MOT36319,HLA-DQA1,Class II,HLA-DQA1*01:01:02:03,1.0,282.9992636444356,99.99926211550311
MOT36319,HLA-DQB1,Class II,HLA-DQB1*06:02:01:,1.0,285.0003553173472,99.99924750760731
MOT36319,HLA-DPA1,Class II,HLA-DPA1*01:03:01:,1.0,282.99924366500926,100.000855125102
MOT36319,HLA-DPB1,Class II,HLA-DPB1*02:01:46,1.0,284.0000126598632,99.99979515638765
