sample_id,gene_name,mhc_class,best_allele,read_support,mean_alignment_score,percent_identity
MOT36309,HLA-A,Class I,HLA-A*03:01:01:,1.0,411.0005161754802,92.54081210495697
MOT36309,HLA-C,Class I,HLA-C*07:02:01:,1.0,382.99970905193624,100.00093501946486
MOT36309,HLA-B,Class I,HLA-B*15:01:01:,1.0,304.0009413960488,97.6492243002889
MOT36309,MICA,Class III,,0.0,0.0007862422426443954,0.0
MOT36309,MICB,Class III,,0.0,0.0005567669941475238,0.0
MOT36309,HLA-DRB1,Class II,HLA-DRB1*15:01:01:18,1.0,284.99938927741573,99.99937894271817
MOT36309,HLA-DQA1,Class II,HLA-DQA1*01:01:02:03,1.0,282.99993344200743,99.99925984301068
MOT36309,HLA-DQB1,Class II,HLA-DQB1*06:02:01:,1.0,284.9990876075316,99.99995140985246
MOT36309,HLA-DPA1,Class II,HLA-DPA1*01:03:01:,1.0,282.99930857898414,99.9994538186981
MOT36309,HLA-DPB1,Class II,HLA-DPB1*02:01:46,1.0,284.00036609790646,100.00033962798936
