sample_id,gene_name,mhc_class,best_allele,read_support,mean_alignment_score,percent_identity
MOT36325,HLA-A,Class I,HLA-A*03:01:01:,1.0,411.0008326960391,92.54079236696977
MOT36325,HLA-C,Class I,HLA-C*07:02:01:,1.0,382.9999618208566,99.99940480918625
MOT36325,HLA-B,Class I,HLA-B*15:01:01:,1.0,303.99965672241,97.64996224583027
MOT36325,MICA,Class III,,0.0,7.086957966000629e-05,0.0007214381366517882
MOT36325,MICB,Class III,,0.0,0.0006971209775472492,0.0
MOT36325,HLA-DRB1,Class II,HLA-DRB1*15:01:01:18,1.0,285.0003051746811,100.00022875948109
MOT36325,HLA-DQA1,Class II,HLA-DQA1*01:01:02:03,1.0,283.0006087836559,99.99919019149645
MOT36325,HLA-DQB1,Class II,HLA-DQB1*06:02:01:,1.0,285.00006544455215,100.00045143125654
MOT36325,HLA-DPA1,Class II,HLA-DPA1*01:03:01:,1.0,283.0002658352585,99.99916898643765
MOT36325,HLA-DPB1,Class II,HLA-DPB1*02:01:46,1.0,283.99957631122834,100.0008718796454
