sample_id,gene_name,mhc_class,best_allele,read_support,mean_alignment_score,percent_identity
MOT36313,HLA-A,Class I,HLA-A*03:01:01:,1.0,411.00032862708065,92.53962720485058
MOT36313,HLA-C,Class I,HLA-C*07:02:01:,1.0,382.9998127737229,100.00039264075015
MOT36313,HLA-B,Class I,HLA-B*15:01:01:,1.0,304.00062804076936,97.64946496212379
MOT36313,MICA,Class III,,0.0,0.0,0.0
MOT36313,MICB,Class III,,0.0,0.0,0.0
MOT36313,HLA-DRB1,Class II,HLA-DRB1*15:01:01:18,1.0,284.99918009572156,100.00026056518624
MOT36313,HLA-DQA1,Class II,HLA-DQA1*01:01:02:03,1.0,283.0004447187012,99.99972362522111
MOT36313,HLA-DQB1,Class II,HLA-DQB1*06:02:01:,1.0,284.9999237544605,99.99917529983863
MOT36313,HLA-DPA1,Class II,HLA-DPA1*01:03:01:,1.0,282.9993225435581,99.99923601180424
MOT36313,HLA-DPB1,Class II,HLA-DPB1*02:01:46,1.0,284.0000020895502,100.0009237953291
