sample_id,gene_name,mhc_class,best_allele,read_support,mean_alignment_score,percent_identity
MOT36327,HLA-A,Class I,HLA-A*03:01:01:,1.0,411.0008624724714,92.54084764493929
MOT36327,HLA-C,Class I,HLA-C*07:02:01:,1.0,382.999239467177,99.99954106988181
MOT36327,HLA-B,Class I,HLA-B*15:01:01:,1.0,303.9992342071318,97.64930103360818
MOT36327,MICA,Class III,,0.0,0.0,0.0
MOT36327,MICB,Class III,,0.0,0.0003157265700810556,0.0
MOT36327,HLA-DRB1,Class II,HLA-DRB1*15:01:01:18,1.0,284.9998372166016,99.99929556674509
MOT36327,HLA-DQA1,Class II,HLA-DQA1*01:01:02:03,1.0,283.00054864283226,100.00087225492675
MOT36327,HLA-DQB1,Class II,HLA-DQB1*06:02:01:,1.0,285.0003424628266,99.99987580807439
MOT36327,HLA-DPA1,Class II,HLA-DPA1*01:03:01:,1.0,282.99966727551663,99.99976663964556
MOT36327,HLA-DPB1,Class II,HLA-DPB1*02:01:46,1.0,284.0007967330947,100.00045937141735
