sample_id,gene_name,mhc_class,best_allele,read_support,mean_alignment_score,percent_identity
MOT36316,HLA-A,Class I,HLA-A*03:01:01:,1.0,410.9999733166617,92.54097516449355
MOT36316,HLA-C,Class I,HLA-C*07:02:01:,1.0,382.99998141398873,100.00079232154368
MOT36316,HLA-B,Class I,HLA-B*15:01:01:,1.0,304.00087565290994,97.64885314775063
MOT36316,MICA,Class III,,0.0,0.00014345610475215067,0.00010807228707809878
MOT36316,MICB,Class III,,0.0,0.0,0.0
MOT36316,HLA-DRB1,Class II,HLA-DRB1*15:01:01:18,1.0,284.99953395132616,100.00034448018609
MOT36316,HLA-DQA1,Class II,HLA-DQA1*01:01:02:03,1.0,282.9996631379947,99.99956246756769
MOT36316,HLA-DQB1,Class II,HLA-DQB1*06:02:01:,1.0,285.00004134480497,100.00031884526939
MOT36316,HLA-DPA1,Class II,HLA-DPA1*01:03:01:,1.0,282.9998778229206,100.00045398922857
MOT36316,HLA-DPB1,Class II,HLA-DPB1*02:01:46,1.0,283.9990432241598,100.00053729498383
