sample_id,gene_name,mhc_class,best_allele,read_support,mean_alignment_score,percent_identity
MOT36321,HLA-A,Class I,HLA-A*03:01:01:,1.0,411.0006588572298,92.54062644269631
MOT36321,HLA-C,Class I,HLA-C*07:02:01:,1.0,383.00059363417665,100.0007349812635
MOT36321,HLA-B,Class I,HLA-B*15:01:01:,1.0,303.99946528148394,97.64948044333678
MOT36321,MICA,Class III,,0.0,6.153918119810708e-05,0.0
MOT36321,MICB,Class III,,0.0,0.00021203164140002175,0.0
MOT36321,HLA-DRB1,Class II,HLA-DRB1*15:01:01:18,1.0,285.00073547790754,100.00049202856049
MOT36321,HLA-DQA1,Class II,HLA-DQA1*01:01:02:03,1.0,283.0002062143147,100.00063313752685
MOT36321,HLA-DQB1,Class II,HLA-DQB1*06:02:01:,1.0,284.99982514313854,99.99921055615971
MOT36321,HLA-DPA1,Class II,HLA-DPA1*01:03:01:,1.0,282.99974836808684,99.99913311771391
MOT36321,HLA-DPB1,Class II,HLA-DPB1*02:01:46,1.0,283.9998517641728,100.00018886732751
