sample_id,gene_name,mhc_class,best_allele,read_support,mean_alignment_score,percent_identity
MOT36312,HLA-A,Class I,HLA-A*03:01:01:,1.0,411.00033680592355,92.5397517499908
MOT36312,HLA-C,Class I,HLA-C*07:02:01:,1.0,382.9999421924123,99.99981705728744
MOT36312,HLA-B,Class I,HLA-B*15:01:01:,1.0,304.00013047221296,97.65027945571917
MOT36312,MICA,Class III,,0.0,0.0005299977148320511,0.0
MOT36312,MICB,Class III,,0.0,0.0002694366400011817,0.0
MOT36312,HLA-DRB1,Class II,HLA-DRB1*15:01:01:18,1.0,285.0001071588013,99.99956276778404
MOT36312,HLA-DQA1,Class II,HLA-DQA1*01:01:02:03,1.0,283.0001184143215,99.99958718751553
MOT36312,HLA-DQB1,Class II,HLA-DQB1*06:02:01:,1.0,284.9996079001961,100.00032383302946
MOT36312,HLA-DPA1,Class II,HLA-DPA1*01:03:01:,1.0,282.99906163566914,100.00011406430468
MOT36312,HLA-DPB1,Class II,HLA-DPB1*02:01:46,1.0,283.99987343477846,100.00056779641821
