sample_id,gene_name,mhc_class,best_allele,read_support,mean_alignment_score,percent_identity
MOT36326,HLA-A,Class I,HLA-A*03:01:01:,1.0,410.9992748158601,92.5405549120452
MOT36326,HLA-C,Class I,HLA-C*07:02:01:,1.0,383.0009177604918,99.99934258260818
MOT36326,HLA-B,Class I,HLA-B*15:01:01:,1.0,304.00060176835217,97.64970255079558
MOT36326,MICA,Class III,,0.0,0.00018736400893270828,0.00014486102806769946
MOT36326,MICB,Class III,,0.0,0.0005652482092590937,0.0
MOT36326,HLA-DRB1,Class II,HLA-DRB1*15:01:01:18,1.0,285.000590229678,100.00004526355103
MOT36326,HLA-DQA1,Class II,HLA-DQA1*01:01:02:03,1.0,283.00089205412564,100.00052784678002
MOT36326,HLA-DQB1,Class II,HLA-DQB1*06:02:01:,1.0,284.99950676670767,100.00059848943303
MOT36326,HLA-DPA1,Class II,HLA-DPA1*01:03:01:,1.0,283.00018015179074,99.99998430643114
MOT36326,HLA-DPB1,Class II,HLA-DPB1*02:01:46,1.0,283.9991900983951,100.00019918688305
